role,flag,username,email,password,fullNameEn,fullNameBn
ডিসি অ্যাডমিন,77,Panchagarh77,panchagarh77@cc.com,123456,DC Admin,ডিসি অ্যাডমিন
ডিসি অ্যাডমিন,15,Chittagong15,Chittagong15@cc.com,123456,DC Admin,ডিসি অ্যাডমিন
ডিসি অ্যাডমিন,30,Feni30,Feni30@cc.com,123456,DC Admin,ডিসি অ্যাডমিন
ডিসি অ্যাডমিন,12,Brahmanbaria12,Brahmanbaria12@cc.com,123456,DC Admin,ডিসি অ্যাডমিন
ডিসি অ্যাডমিন,84,Rangamati84,Rangamati84@cc.com,123456,DC Admin,ডিসি অ্যাডমিন
ডিসি অ্যাডমিন,75,Noakhali75,Noakhali75@cc.com,123456,DC Admin,ডিসি অ্যাডমিন
ডিসি অ্যাডমিন,13,Chandpur13,Chandpur13@cc.com,123456,DC Admin,ডিসি অ্যাডমিন
ডিসি অ্যাডমিন,51,Lakshmipur51,Lakshmipur51@cc.com,123456,DC Admin,ডিসি অ্যাডমিন
ডিসি অ্যাডমিন,19,Comilla19,Comilla19@cc.com,123456,DC Admin,ডিসি অ্যাডমিন
ডিসি অ্যাডমিন,22,Coxsbazar22,Coxsbazar22@cc.com,123456,DC Admin,ডিসি অ্যাডমিন
ডিসি অ্যাডমিন,46,Khagrachhari46,Khagrachhari46@cc.com,123456,DC Admin,ডিসি অ্যাডমিন
ডিসি অ্যাডমিন,3,Bandarban03,Bandarban03@cc.com,123456,DC Admin,ডিসি অ্যাডমিন
ডিসি অ্যাডমিন,81,Rajshahi81,Rajshahi81@cc.com,123456,DC Admin,ডিসি অ্যাডমিন
ডিসি অ্যাডমিন,88,Sirajganj88,Sirajganj88@cc.com,123456,DC Admin,ডিসি অ্যাডমিন
ডিসি অ্যাডমিন,76,Pabna76,Pabna76@cc.com,123456,DC Admin,ডিসি অ্যাডমিন
ডিসি অ্যাডমিন,10,Bogra10,Bogra10@cc.com,123456,DC Admin,ডিসি অ্যাডমিন
ডিসি অ্যাডমিন,38,Joypurhat38,Joypurhat38@cc.com,123456,DC Admin,ডিসি অ্যাডমিন
ডিসি অ্যাডমিন,69,Natore69,Natore69@cc.com,123456,DC Admin,ডিসি অ্যাডমিন
ডিসি অ্যাডমিন,70,Chapainawabganj70,Chapainawabganj70@cc.com,123456,DC Admin,ডিসি অ্যাডমিন
ডিসি অ্যাডমিন,64,Naogaon64,Naogaon64@cc.com,123456,DC Admin,ডিসি অ্যাডমিন
ডিসি অ্যাডমিন,47,Khulna47,Khulna47@cc.com,123456,DC Admin,ডিসি অ্যাডমিন
ডিসি অ্যাডমিন,41,Jessore41,Jessore41@cc.com,123456,DC Admin,ডিসি অ্যাডমিন
ডিসি অ্যাডমিন,87,Satkhira87,Satkhira87@cc.com,123456,DC Admin,ডিসি অ্যাডমিন
ডিসি অ্যাডমিন,57,Meherpur57,Meherpur57@cc.com,123456,DC Admin,ডিসি অ্যাডমিন
ডিসি অ্যাডমিন,65,Narail65,Narail65@cc.com,123456,DC Admin,ডিসি অ্যাডমিন
ডিসি অ্যাডমিন,18,Chuadanga18,Chuadanga18@cc.com,123456,DC Admin,ডিসি অ্যাডমিন
ডিসি অ্যাডমিন,50,Kushtia50,Kushtia50@cc.com,123456,DC Admin,ডিসি অ্যাডমিন
ডিসি অ্যাডমিন,55,Magura55,Magura55@cc.com,123456,DC Admin,ডিসি অ্যাডমিন
ডিসি অ্যাডমিন,1,Bagerhat01,Bagerhat01@cc.com,123456,DC Admin,ডিসি অ্যাডমিন
ডিসি অ্যাডমিন,44,Jhenaidah44,Jhenaidah44@cc.com,123456,DC Admin,ডিসি অ্যাডমিন
ডিসি অ্যাডমিন,6,Barisal06,Barisal06@cc.com,123456,DC Admin,ডিসি অ্যাডমিন
ডিসি অ্যাডমিন,78,Patuakhali78,Patuakhali78@cc.com,123456,DC Admin,ডিসি অ্যাডমিন
ডিসি অ্যাডমিন,79,Pirojpur79,Pirojpur79@cc.com,123456,DC Admin,ডিসি অ্যাডমিন
ডিসি অ্যাডমিন,9,Bhola09,Bhola09@cc.com,123456,DC Admin,ডিসি অ্যাডমিন
ডিসি অ্যাডমিন,4,Barguna04,Barguna04@cc.com,123456,DC Admin,ডিসি অ্যাডমিন
ডিসি অ্যাডমিন,42,Jhalokati42,Jhalokati42@cc.com,123456,DC Admin,ডিসি অ্যাডমিন
ডিসি অ্যাডমিন,91,Sylhet91,Sylhet91@cc.com,123456,DC Admin,ডিসি অ্যাডমিন
ডিসি অ্যাডমিন,58,Moulvibazar58,Moulvibazar58@cc.com,123456,DC Admin,ডিসি অ্যাডমিন
ডিসি অ্যাডমিন,36,Habiganj36,Habiganj36@cc.com,123456,DC Admin,ডিসি অ্যাডমিন
ডিসি অ্যাডমিন,90,Sunamganj90,Sunamganj90@cc.com,123456,DC Admin,ডিসি অ্যাডমিন
ডিসি অ্যাডমিন,26,Dhaka26,Dhaka26@cc.com,123456,DC Admin,ডিসি অ্যাডমিন
ডিসি অ্যাডমিন,68,Narsingdi68,Narsingdi68@cc.com,123456,DC Admin,ডিসি অ্যাডমিন
ডিসি অ্যাডমিন,86,Shariatpur86,Shariatpur86@cc.com,123456,DC Admin,ডিসি অ্যাডমিন
ডিসি অ্যাডমিন,67,Narayanganj67,Narayanganj67@cc.com,123456,DC Admin,ডিসি অ্যাডমিন
ডিসি অ্যাডমিন,89,Sherpur89,Sherpur89@cc.com,123456,DC Admin,ডিসি অ্যাডমিন
ডিসি অ্যাডমিন,93,Tangail93,Tangail93@cc.com,123456,DC Admin,ডিসি অ্যাডমিন
ডিসি অ্যাডমিন,61,Mymensingh61,Mymensingh61@cc.com,123456,DC Admin,ডিসি অ্যাডমিন
ডিসি অ্যাডমিন,48,Kishoreganj48,Kishoreganj48@cc.com,123456,DC Admin,ডিসি অ্যাডমিন
ডিসি অ্যাডমিন,56,Manikganj56,Manikganj56@cc.com,123456,DC Admin,ডিসি অ্যাডমিন
ডিসি অ্যাডমিন,72,Netrakona72,Netrakona72@cc.com,123456,DC Admin,ডিসি অ্যাডমিন
ডিসি অ্যাডমিন,59,Munshiganj59,Munshiganj59@cc.com,123456,DC Admin,ডিসি অ্যাডমিন
ডিসি অ্যাডমিন,82,Rajbari82,Rajbari82@cc.com,123456,DC Admin,ডিসি অ্যাডমিন
ডিসি অ্যাডমিন,39,Jamalpur39,Jamalpur39@cc.com,123456,DC Admin,ডিসি অ্যাডমিন
ডিসি অ্যাডমিন,33,Gazipur33,Gazipur33@cc.com,123456,DC Admin,ডিসি অ্যাডমিন
ডিসি অ্যাডমিন,54,Madaripur54,Madaripur54@cc.com,123456,DC Admin,ডিসি অ্যাডমিন
ডিসি অ্যাডমিন,35,Gopalganj35,Gopalganj35@cc.com,123456,DC Admin,ডিসি অ্যাডমিন
ডিসি অ্যাডমিন,29,Faridpur29,Faridpur29@cc.com,123456,DC Admin,ডিসি অ্যাডমিন
ডিসি অ্যাডমিন,85,Rangpur85,Rangpur85@cc.com,123456,DC Admin,ডিসি অ্যাডমিন
ডিসি অ্যাডমিন,27,Dinajpur27,Dinajpur27@cc.com,123456,DC Admin,ডিসি অ্যাডমিন
ডিসি অ্যাডমিন,52,Lalmonirhat52,Lalmonirhat52@cc.com,123456,DC Admin,ডিসি অ্যাডমিন
ডিসি অ্যাডমিন,73,Nilphamari73,Nilphamari73@cc.com,123456,DC Admin,ডিসি অ্যাডমিন
ডিসি অ্যাডমিন,32,Gaibandha32,Gaibandha32@cc.com,123456,DC Admin,ডিসি অ্যাডমিন
ডিসি অ্যাডমিন,49,Kurigram49,Kurigram49@cc.com,123456,DC Admin,ডিসি অ্যাডমিন
ডিসি অ্যাডমিন,94,Thakurgaon94,Thakurgaon94@cc.com,123456,DC Admin,ডিসি অ্যাডমিন